zip_2,term,int_rate,grade,sub_grade,emp_length,home_ownership,annual_inc,verification_status,purpose,dti,revol_bal,revol_util,mort_acc,credit_history,credit_line_ratio,balance_annual_income,fico_avg_score,installment_amnt_ratio
00,1.1818181818181819,13.018181818181818,5.2727272727272725,23.363636363636363,7.181818181818182,3.8181818181818183,11.088423145993811,0.8181818181818182,2.4545454545454546,20.37090909090909,14340.181818181818,51.22727272727273,1.0,5600.454545454545,0.4876934070713975,0.21583524595792777,697.0,0.03179420811029329
01,1.2695594457811332,12.645396166929395,5.374429602588567,23.97071268563843,6.095038579606737,3.7020658757155895,11.168798488500023,1.0895212810088775,2.495312370364225,17.142620924251226,18712.639259935288,52.93790757487762,1.719654857711773,5950.253961669294,0.5040813517958204,0.2172964438630493,700.4734920766614,0.030637400225940747
02,1.2442074702696666,12.695068952040646,5.36876779632628,23.90391379599129,5.834291776003573,3.5652392384568143,11.151513264600025,1.0759309921277427,2.4896432360002234,16.72866897437329,18146.955334710514,53.65251298084976,1.3861314276143153,5749.092010496343,0.5124962018786906,0.21103724939388244,698.9831388532187,0.0309345786403047
03,1.242175572519084,12.760562977099237,5.352099236641221,23.82270992366412,6.221374045801527,3.741412213740458,11.12233700815952,1.040267175572519,2.502862595419847,18.650784351145038,17877.933015267176,54.48780534351145,1.8423664122137404,5967.9874045801525,0.488050232293186,0.2092941816889889,699.1604007633588,0.030986057156768824
04,1.2219430485762144,12.412428810720268,5.386934673366834,24.010887772194305,6.159966499162479,3.8542713567839195,11.00082579203126,1.11892797319933,2.345896147403685,19.609413735343384,16172.835845896147,54.21909547738694,1.847571189279732,6175.922948073702,0.4851977297053767,0.23222081305117984,696.8492462311558,0.031060804628177494
05,1.229018492176387,12.742840208629683,5.350403034613561,23.808440018966333,6.369843527738265,3.750118539592224,10.987530179402636,1.0867709815078237,2.4703651019440493,19.95886201991465,15701.192508297772,56.693741109530585,1.9739212897107634,6183.135135135135,0.4639058071758335,0.2187670912864233,698.9867235656709,0.031112856189445193
06,1.243887264356374,12.999649100976793,5.290424936228457,23.497729110931374,6.166521495675978,3.7134324643812606,11.179378193430898,1.0630249486716854,2.618552852609967,17.014488894419213,19820.27001804268,53.423063522677786,1.6689479250917687,6071.602563304921,0.5162739900297499,0.20185510537915122,698.405711441548,0.031089334720042692
07,1.241060392959127,13.003575416613392,5.2878148574351105,23.484933725440055,5.914652857690832,3.5475429399480034,11.235936696492322,1.1044623449686741,2.7295742232451095,16.474493457784597,19080.982781400504,51.806940715168565,1.2252908835187317,5848.61364701871,0.5285599892232318,0.1999051532518058,697.4121808805353,0.03110979413871426
08,1.264152085729854,13.112384815644488,5.254949446025307,23.328510019979415,6.264696978870255,3.73185203124054,11.18324473891949,1.0877277956045286,2.6532663316582914,17.297787733849972,18669.380153780952,52.36807531634074,1.6908639583459466,5994.9226857177455,0.5125177845005862,0.20483495294240964,697.2840104135133,0.030915742026064102
09,1.1711711711711712,12.424954954954956,5.405405405405405,24.18018018018018,8.36936936936937,3.4774774774774775,11.256712112169422,1.2612612612612613,3.189189189189189,19.99630630630631,16858.972972972973,54.27747747747748,1.045045045045045,5701.657657657658,0.4178372180760301,0.21865428039004256,707.3603603603603,0.031629647769329985
10,1.2133053685101371,13.245505390587628,5.224307318688597,23.145269897339663,5.7021378371417,3.357471391249954,11.212152709398312,1.119807189903227,2.8365529675828824,14.833060676307172,17682.28538837988,52.69937226331089,0.6383706810906281,5560.488979651912,0.5544278327674561,0.19688249822074055,697.5375133384847,0.031535808758110996
11,1.21932933478735,13.281728189749181,5.215676117775354,23.101472191930206,5.897968920392585,3.443102508178844,11.143843339499277,1.1032442748091602,2.8564885496183208,15.352869956379498,17053.860577971645,52.0195479825518,0.7418484187568157,5520.121319520174,0.5557032430691569,0.20553711585502046,697.3882906215922,0.031491163785512116
12,1.2780153977758768,13.199597946963216,5.229377978736404,23.223512159354758,6.584809971892949,3.7750213857998287,11.085078969276065,1.0718562874251496,2.557619454967616,19.09563118660638,16954.05975803495,54.2802163020897,1.5529756812904802,6020.724917511915,0.49513758767826144,0.21444686430402304,698.3988146156667,0.030821239321871353
13,1.2677051549702907,13.234907660189497,5.2214549542315725,23.165087522081258,6.671591456560141,3.873454311867673,10.967889743740164,1.062951662116589,2.6285530753171673,20.542993415770034,14721.51662116589,53.55757186446122,1.5256142604785612,5957.008190139714,0.48600338559153156,0.2265377694950904,698.3763449494138,0.03093940389035733
14,1.2551573343473714,13.11288620591311,5.257343853978515,23.318756535792375,6.5014259910637895,3.8356307633805495,10.98248277770711,1.056944576480654,2.5864625915010935,19.77658522673258,15607.49130145451,53.522283487023486,1.46658427607187,5957.98032132332,0.49628874179579574,0.22114674939010873,698.8618689989543,0.03101733043870382
15,1.2781107648046033,13.215221769359866,5.227163749700312,23.189882522176937,5.908774874130904,3.816111244305922,11.012323577369981,1.0700071925197794,2.5956605130664108,19.732602493406855,15688.916926396547,52.894090146247905,1.371253895948214,5889.6154399424595,0.5083960762420955,0.21869579316432325,697.9956245504675,0.03081548929270474
16,1.2877070619006104,13.086222028480094,5.263586166811973,23.350479511769834,6.349462365591398,3.867189770415577,10.964381271254235,1.0316768381284511,2.587910491136298,20.096341179889567,15313.760825341471,53.634553908747456,1.4879395524556815,6013.876489392618,0.484334080178709,0.22272872894468196,698.222028480093,0.030646645190828343
17,1.2933292250808812,13.422061315667849,5.166538283777538,22.877984902172237,6.3353874595593895,3.8000308118933908,10.994772420809054,1.039747342474195,2.532275458326914,19.526143891542134,16676.413187490372,54.64125712525035,1.8345401324911417,5953.152364812818,0.47802450993809037,0.22645461051159535,696.5024649514713,0.03076572418632534
18,1.2834463847597055,13.281588973877906,5.205801702987444,23.074613941405687,6.437436859575697,3.8213306393418964,11.081572433182481,1.0639341896377543,2.6514648578438447,18.77710780776447,17648.15832010391,52.66957713955838,1.7931880502236974,6155.829989897532,0.4965277288422589,0.2173298353291568,697.9835474094386,0.03079736429095455
19,1.2704726573234406,13.22807158560044,5.215306402857928,23.131629568562794,5.956478428139599,3.712764495740588,11.135186732708831,1.0828524319868096,2.671819181093707,17.867756251717505,19057.407598241276,54.60010305028854,1.6275762572135202,5864.304822753504,0.5096015710303221,0.20850008704978495,697.8385888980489,0.030912253075223446
20,1.2624275612738582,13.09740230740603,5.255781806581956,23.327662289329577,5.77364559519379,3.6261364240523153,11.310421222172764,1.1119145090116433,2.773246849912276,16.76773991174438,20037.617629858047,55.06024988037642,1.8051464724334096,5805.492317507576,0.49829631586128476,0.19058426423217598,697.5107395395821,0.030934584256984296
21,1.2787946273227087,13.213794279351383,5.225624608532257,23.17753497111838,6.163233349571995,3.737212053726773,11.17574238045238,1.1103069107105574,2.6465307258681885,17.932346718630384,18438.187486951076,54.07620711253393,1.9405664973206207,5868.650219221936,0.49073166766488946,0.204727488647351,697.0386944115805,0.03081710249764273
22,1.2575370464997444,12.915661727133369,5.308720831204224,23.611565321069666,5.776188042922841,3.6067961165048543,11.269048611821702,1.0979390223130643,2.634304207119741,17.58816811446091,20108.663089763242,55.55518650996423,1.7668199625276784,5879.580054505195,0.48333581413009713,0.19863963412165173,698.9064469425992,0.030894758461909734
23,1.2978844511905892,13.536608481168768,5.1374632387818995,22.70837681434399,6.349587325680676,3.741011289251494,11.091269135653029,1.1124181766435821,2.6440565411251304,19.04133763400057,17828.350536002275,55.54018688928944,2.0170761787306706,5852.778958353098,0.4818604048281173,0.22015114308406253,696.0404610568257,0.030772401955933865
24,1.2806513409961686,13.37610153256705,5.200191570881226,23.04741379310345,6.499161877394636,3.9135536398467434,10.920731437225722,1.0883620689655173,2.5811781609195403,20.091784003831417,14570.283285440613,53.82375478927203,1.8354885057471264,5951.3876915708815,0.46134408307512537,0.23042464662537276,698.0356800766283,0.030882188429288547
25,1.321096654275093,13.036208178438661,5.280669144981412,23.440520446096656,6.520446096654275,3.967936802973978,11.045905531028003,1.0269516728624535,2.4270446096654275,19.44953066914498,15335.164962825278,53.36194702602231,1.9395910780669146,6039.717472118959,0.46515836608225064,0.225499484862483,699.2771840148699,0.030279002882647944
26,1.3054131054131055,13.24608547008547,5.193732193732194,23.099715099715098,6.182905982905983,3.9504273504273506,10.963390600702585,1.0592592592592593,2.5504273504273502,20.218045584045583,14487.588034188035,52.23413105413105,1.6376068376068376,5965.411396011396,0.4682953720767252,0.2314640630079331,699.1680911680912,0.03054389097073903
27,1.2733864599037978,13.233670040921819,5.220475267427669,23.1720870127073,6.011307344389404,3.807954627037117,11.056600597227485,1.085864024696676,2.6156220834230743,18.409866465647212,16794.16986144016,53.42519204537296,1.725608442817144,5911.80314451863,0.4995309585311141,0.21692515545858734,697.7230598032882,0.030885458899558807
28,1.2847266269186859,13.368822148928073,5.186350374223012,22.971901560319676,6.035265761765825,3.822846631992896,11.05589074924827,1.1057972852974756,2.6033236077635418,18.697919573766335,16896.179436762653,53.79737409615629,1.7669034631485474,5843.259799568692,0.49118135843049504,0.2214804175427023,696.6813713053406,0.030835118312058197
29,1.2711959573273441,13.340251062805807,5.195877115585144,23.020774845592364,6.115344509505094,3.8810459613379322,11.047816438771019,1.0973770754792653,2.6152241918665275,19.26096655169648,15861.468757519853,53.72421593005535,1.8485601989251623,6027.003208470362,0.48410747459002246,0.22157390921826145,697.2807812625331,0.03095710636795828
30,1.249589261369595,13.101412591323802,5.253644212954871,23.308316146397736,5.901912119411333,3.8010277204879923,11.132557365516366,1.1126297759289685,2.6911245499353305,18.23995071136435,17319.154822246303,52.84096549795505,1.8891879609885693,5902.7228650330335,0.4996765948926016,0.2098494931567726,696.8873177893522,0.03107648869534798
31,1.2731016307033438,13.627178389062758,5.110854883874156,22.611431395157304,6.664964585735464,3.856695766760007,11.014198085208648,1.1072310986657883,2.6545873826387747,20.106562345577334,15355.375061769066,54.39505847471587,1.7519354307362873,5803.801185966068,0.4719934369863858,0.22751693193389472,696.2999505847472,0.031079882784512985
32,1.2393083785523775,13.223392807872713,5.219212728777706,23.151292191667434,5.9233422238572615,3.729605444679481,11.011694859673142,1.0946380943621816,2.673365216591557,18.856927250988686,15330.718155063,52.61731260921549,1.6738710567460682,5819.913179435299,0.5017650884870857,0.2185355478035189,695.8676078359239,0.031242555553061317
33,1.222409209531475,13.233944294041608,5.224311602156045,23.146533011389966,5.719519036121071,3.64437452745055,11.050372443576192,1.1109729030999245,2.745591570937294,17.94736543011146,15799.97326894466,51.09744884271115,1.3372356771786054,5535.777737128363,0.5366095305575146,0.21321873823576235,695.4028560279017,0.03143159137547092
34,1.2330820476858344,13.230308555399718,5.2166900420757365,23.119477559607294,5.857862903225806,3.7615708274894812,11.001866226617903,1.1061535764375876,2.6668127629733522,18.516463884992987,14862.245880084152,50.865988779803644,1.6789095371669005,5840.204943899018,0.5117651822404554,0.2187421659710703,694.6583537868163,0.03131531296302841
35,1.296061326989162,13.640329103885804,5.106793550092519,22.56436690457309,6.499008723235527,3.941712926249009,11.059453806961791,1.0947660586835846,2.597673803859371,19.744690721649484,15746.60573618821,54.91460745440126,1.9960348929421095,6041.892149088026,0.46218006339419115,0.22040284858964104,696.1917790113666,0.030838805730447692
36,1.281052821344871,13.717789796286281,5.092842978186407,22.467640165855418,6.60077519379845,3.9500630971696413,11.006790812082452,1.0939246439516856,2.6982152514872904,20.378290968090862,14236.0602127276,54.74550387596899,1.807102938525329,6004.146745988823,0.4699619720310196,0.22440248012350894,696.3491977645574,0.031044308828052848
37,1.2782478406486868,13.448655913978495,5.155385157764851,22.795434514366296,6.004406839414772,3.8246959280803807,11.015581190115087,1.1194253481403138,2.467477525118985,19.61601181032963,15380.422087079147,53.70499735589635,2.007315353428521,5893.578265468006,0.47322564164714187,0.22828862491378749,695.716287678477,0.030948161758558374
38,1.2559048705000815,13.36554976380518,5.1609382635608405,22.837921485583973,6.533963186186675,3.893467991529565,11.026522587541553,1.1242873432155074,2.567193353966444,20.08984850952924,14598.554161915621,52.315816908291254,1.7831894445349405,6080.990063528262,0.47445861995239236,0.2243045892527425,695.659472226747,0.03115420957698872
39,1.2592592592592593,13.401052188552189,5.09652076318743,22.51571268237935,6.496071829405163,3.9803591470258137,11.043446989656667,1.1826599326599327,2.638047138047138,20.34104938271605,13976.157126823793,54.29929854096521,1.6618967452300786,6217.151795735129,0.45114731347946424,0.2234132507402777,693.7494388327722,0.031135571395789454
40,1.2807048771804912,13.14125311498754,5.238697045211819,23.252936988252046,6.347276610893556,3.8426486294054825,11.0243702228673,1.0614097543609826,2.4690281238875045,18.99109291562834,15934.589533641865,53.62954788180847,1.9768600925596298,5873.077073691706,0.4705293805899202,0.2195295912442568,698.0768956924172,0.030764311711463058
41,1.3026043819760231,13.479322033898304,5.157503100454734,22.831748656469614,6.381976023150062,3.9355105415460936,11.040360170167885,1.1000413393964448,2.458040512608516,19.768925175692434,15876.396444811906,53.04795369987598,1.9417114510128153,5927.453493178999,0.48307756962459736,0.2217804374262541,696.3489045059943,0.030700337206090417
42,1.274500475737393,13.294705042816366,5.206470028544244,23.074690770694577,6.446479543292103,3.924357754519505,10.952004368726895,1.0775451950523312,2.5466222645099905,19.556936251189345,14400.259752616555,54.24862036156042,2.0271170313986677,5846.378686964796,0.4518329962858879,0.2294274512222582,695.4800190294957,0.03091292882754241
43,1.2746472851646002,13.141460453185122,5.241128687473279,23.257545959811885,6.1852073535699015,3.779307396323215,11.02309817139834,1.0700299273193672,2.5479264643009834,19.222763574176998,15785.304574604532,53.38649850363403,1.6530996152201796,5850.188798631894,0.5016612130780463,0.21784912409979323,697.1462590850791,0.030831897191177123
44,1.2613534508515087,13.153097550044818,5.24521959964147,23.239766955482523,6.421571556617867,3.811323573349268,10.993419864182588,1.0533313414998506,2.530923214819241,19.57391694054377,15708.28092321482,51.62928742157156,1.6088288019121602,6045.982222886167,0.5094102894264237,0.22324598393726908,696.9249701224977,0.030976193562164266
45,1.276301491652672,13.253001086634397,5.218611083670848,23.136026869505088,6.330978958806678,3.838486614639929,11.022907459596713,1.0592709671046132,2.502519016101946,19.29519510026672,15738.571767262669,53.93627975896473,1.8545885607033488,5909.9284796996935,0.5003119796149281,0.22230333428490118,697.1101452138694,0.03086487594760367
46,1.2793564396061794,13.297476186664532,5.188505563115345,23.01592892019531,6.2462579044264785,3.851596894260786,11.047979763790222,1.0875690386616506,2.427119186744577,19.348166973505162,15175.788601616905,52.804810693988635,2.063395501480829,5977.718642439766,0.4880953488990917,0.22198131180178027,694.8680461058193,0.03086478733107161
47,1.296501328609389,13.338159875996457,5.1933126660761735,22.99645704162976,6.424601417183348,3.904118689105403,10.97099437088381,1.0965456155890168,2.426040744021258,19.90785208148804,14480.283436669619,53.95507085916741,2.0938883968113373,5952.539636846767,0.46977277378236215,0.23372776485778776,695.7544286979628,0.03069907865920312
48,1.2496367917439006,13.195361454836931,5.230349180902761,23.18706477631381,6.35915034316918,3.841190321126196,11.077781285526068,1.08326236160513,2.6270727919442916,18.314268323230298,15735.434797855818,52.47343770352187,1.7377886879414859,6089.6586844346475,0.5040100849723689,0.21318442567191268,695.5336656480137,0.031125431049751122
49,1.2626304801670145,13.214276965901183,5.221711899791232,23.175922059846904,6.480027835768963,3.892136395267919,10.961522114282701,1.0484342379958247,2.4983994432846206,18.99166040361865,14867.074599860822,54.81607933194155,1.9750869867780096,5966.994432846207,0.47990581357125006,0.22413014160202327,696.9903270702853,0.030983226737995723
50,1.1666666666666667,13.956666666666665,4.875,21.291666666666668,6.208333333333333,3.7916666666666665,11.042702427156463,1.1666666666666667,2.5833333333333335,17.552083333333332,11247.083333333334,48.32083333333333,1.4583333333333333,5518.041666666667,0.4588973777931115,0.20663138399613942,686.5833333333334,0.03240756685770247
51,1.2857142857142858,13.484285714285715,5.142857142857143,21.714285714285715,3.857142857142857,3.2857142857142856,11.140791872546767,1.2857142857142858,3.4285714285714284,17.507142857142856,18150.14285714286,54.542857142857144,0.42857142857142855,5082.857142857143,0.53142624571196,0.22644361367735502,688.4285714285714,0.030881843566918716
52,1.1111111111111112,10.453333333333333,5.555555555555555,25.444444444444443,3.9722222222222223,3.7222222222222223,10.899123819340822,0.5,2.611111111111111,15.268333333333333,13271.388888888889,47.74444444444444,1.1111111111111112,5106.833333333333,0.41000887556428584,0.19796422681496717,715.3333333333334,0.030967137918994803
53,1.2409734012450482,12.773314091680815,5.344199207696661,23.77645727221279,6.2377475947934355,3.707187323146576,11.035296762372042,1.0517260894170912,2.403056027164686,18.38035427277872,17147.93808715337,54.27460441426146,2.032937181663837,6128.0393887945675,0.4776068561892193,0.22154998478774549,698.9072439162422,0.03100909116647723
54,1.2598621217924166,13.021317502872462,5.283799310608962,23.464189965530448,6.428667177326695,3.8025660666411336,10.94904986301751,1.0382995021064727,2.382803523554194,19.50291076216009,15335.286480275756,55.225028724626576,2.2541171964764457,6064.260628111834,0.4518064260111924,0.22938664681403761,698.0743010340866,0.0309332398335216
55,1.258175667209623,13.02379401077559,5.284989349705551,23.45138453827841,5.87689512592407,3.725786242325523,11.07725851561444,1.0862047362485905,2.469803282796642,18.332458338554066,17592.437539155493,55.54408595414108,1.7972685127177046,5834.369565217391,0.4972061726119191,0.21444670456579126,696.8431274276406,0.030943775819001165
56,1.2452006980802792,13.213394415357767,5.224549156486329,23.199243746364164,6.106602675974404,3.8915066899360093,10.889234125359765,1.0386852821407795,2.4575334496800467,19.231678301337986,13491.395869691682,56.0630599185573,1.8030831878999418,5787.762070971495,0.4831312900136589,0.23496557477591543,696.9752763234438,0.03119131240076954
57,1.2384823848238482,13.29756549232159,5.203703703703703,23.125564588979223,6.008355916892502,3.8405600722673894,10.92018486717227,1.0727190605239385,2.44579945799458,20.596377597109303,14901.045618789522,58.00749774164409,1.8608852755194218,5829.331074977416,0.4371239822519717,0.23382543875044354,696.453477868112,0.031298775305602114
58,1.2097777777777778,13.30072,5.144888888888889,22.773333333333333,5.043111111111111,3.7057777777777776,11.0520984964942,1.2062222222222223,2.481777777777778,19.994106666666667,14212.691555555555,55.84888888888889,1.3813333333333333,5401.085333333333,0.4960846935468042,0.22680201528373126,693.4848888888889,0.03161759485629012
59,1.2448436460412509,12.958283433133731,5.316699933466401,23.61410512308716,6.008982035928144,3.78210246174318,10.944476380655676,1.0901530272787758,2.510978043912176,19.347145708582833,14628.151696606787,56.145741849634064,1.791084497671324,5852.312707917498,0.4583628904243012,0.23049246025524295,698.1327345309381,0.031066524292140324
60,1.222945184457676,12.917941808360444,5.310109876618992,23.599011724264933,5.88955558283715,3.66736234730833,11.16235113206422,1.0847400405131669,2.573506844269842,17.167920324105335,18712.70333312872,53.04156129151065,1.7134921122091953,5909.390368915352,0.5079463331717134,0.20768567747567332,697.3603523417838,0.03127651591141269
61,1.2496538081107813,13.13271612265084,5.262512363996043,23.342631058358062,6.561127596439169,3.843521266073195,11.009642025565071,1.0387734915924827,2.4862512363996045,19.505406528189912,15715.29337289812,53.9886053412463,2.029871414441147,5926.599208704253,0.4662597530364799,0.22542043960541092,697.593471810089,0.03109533361219566
62,1.259008517143481,13.242574797990828,5.224503166630269,23.134308801048263,6.654837300720682,3.909805634417995,11.010708846415968,1.0393098929897358,2.384581786416248,20.231022057217736,16186.096964402708,54.93284559947587,2.08298755186722,5944.8163354444205,0.45914669207157716,0.23127028859934068,697.2697095435684,0.031044408418637818
63,1.2612310580662465,13.17908274104868,5.229448840016092,23.218720665146844,6.098296902239507,3.81681641410755,11.043201526149009,1.0655759688882929,2.472978409548076,18.982251575700683,16676.20665146842,53.991457690760356,2.183317688078316,5943.361137186536,0.473288043161814,0.22109623188656818,697.6933753520183,0.030984023268317916
64,1.2707153885743696,13.138229541945446,5.248584662892434,23.290787442099845,6.1904271744724655,3.816435066049065,11.037446821308423,1.071367301423915,2.5018013381369015,19.11457196774747,15453.841996911991,53.265122662549324,2.0042889003259563,5864.20329387545,0.48154129036609966,0.22151802970985884,698.5750557557043,0.030866393547021503
65,1.2437275985663083,13.167033360904329,5.237937689550593,23.23931623931624,6.392748828232699,3.8285084091535704,10.920017016841083,1.0923628342983183,2.4711883098979874,20.01019299696719,14231.768403639371,54.77805348773091,1.9327267714364489,5726.834849738076,0.4635661209709372,0.2323275982191325,697.3791011855528,0.03115881208286207
66,1.2563661390227117,13.007448382656571,5.289229181004818,23.504301445285616,6.091706813489332,3.769614590502409,11.063508120294143,1.07863041982106,2.477116311080523,18.818356847900894,16244.954404679973,54.303795595320025,1.915691672401927,5866.49638678596,0.4853033741190949,0.22112966038773213,698.6603578802477,0.0309591982510043
67,1.2522414823670054,13.235430364614466,5.232815301852959,23.182307232516436,6.419157202630006,3.86252241482367,10.975633186799126,1.0666467423789598,2.445008965929468,20.080260011954575,14299.760310818889,55.284692169754926,1.9109384339509863,5847.887328153019,0.4654091901309196,0.23015875905921884,698.0206216377765,0.031115569847274472
68,1.2333333333333334,13.22087214611872,5.161643835616438,22.87214611872146,5.698630136986301,3.7406392694063926,10.967721683735615,1.160730593607306,2.4337899543378994,19.856136986301372,14518.848401826484,53.102876712328765,1.63013698630137,5708.572146118721,0.5126849618882031,0.22402510646280624,694.2719178082192,0.03133030546586037
69,1.2991452991452992,13.69594017094017,5.0085470085470085,22.11111111111111,5.9914529914529915,3.8376068376068377,10.892474744806462,1.1923076923076923,2.6538461538461537,20.609658119658118,12166.21794871795,53.60213675213675,1.6025641025641026,5641.017094017094,0.4906157842790953,0.2448043401105507,689.7350427350427,0.030852793141987255
70,1.2657975918001791,13.214398447606726,5.229475569708429,23.194745745845356,5.933077918200816,3.8717285302020104,11.105393518345153,1.1010050751318539,2.744452184296945,18.9654990546323,14634.45288088367,53.11424022290775,1.6676286197631605,5852.958204796497,0.47308859837393064,0.21174912147105043,698.9564633296845,0.0309598182244457
71,1.2510231923601638,13.340671214188268,5.188267394270123,23.021828103683493,6.459345156889495,3.976261937244202,11.017611882585758,1.090586630286494,2.6428376534788542,19.977096862210097,13507.68130968622,53.23321691678035,1.61118690313779,5969.824283765348,0.4678344242438454,0.22103312853574858,697.9727148703956,0.031183521611364284
72,1.2656014470907446,13.437283690081399,5.172595719023214,22.919656315948146,6.311953572505276,3.8876997286704853,11.001062815852784,1.118631293337353,2.546728971962617,19.73762435936087,14150.91136569189,53.439779921615916,1.9290021103406694,5862.610491407899,0.4806164344799188,0.2239393682209294,697.2698221284293,0.031070810887601913
73,1.2679127725856698,13.339613707165109,5.195638629283489,23.013707165109036,6.01183800623053,3.8469366562824505,11.074379849554587,1.1088265835929387,2.647559709241952,19.498739356178607,14631.072897196262,54.97790238836967,1.9233644859813084,5915.5570093457945,0.46009261091531345,0.21834061861938778,697.8632398753894,0.03099551228723922
74,1.2563271917392185,13.319092933792266,5.197205912127961,23.014780319902815,6.046163190929338,3.9252885199433085,11.036417138421493,1.0949584936221908,2.5075926300870623,19.45861915367483,14162.391577242357,55.95312816359587,1.7384085847337518,5854.764932172505,0.4674654819452593,0.22262013103506853,696.9331848552339,0.031116728629275933
75,1.2401138603021677,12.936104225968908,5.309262097657105,23.593343551565578,5.63794613531859,3.7706590759798555,11.197225674866925,1.1190716006130939,2.6575870374425223,18.6082351653164,16477.49428508868,52.09711232756733,1.626275454346398,5926.630654696737,0.495592996832257,0.20659829695019383,699.0302824611342,0.031095688034958123
76,1.2492707504640679,13.097403208697958,5.261137629276054,23.350039777247414,6.083896844338372,3.8426146910633783,11.14632268172099,1.1156191991514188,2.649429859453726,19.389565102094934,15376.88975072925,52.718502386634846,1.7232829488199417,5971.333068151684,0.4838499559220392,0.21041053142744945,697.6510872447626,0.031080941668309364
77,1.2331047992164546,13.032820763956904,5.279831864185439,23.435235063663075,5.710781913157035,3.8196212863206007,11.241043434505269,1.1171237349004244,2.7678746327130264,18.67418911198172,16286.61647078028,52.05104676787464,1.567907280444009,5941.982941560562,0.49728616910897033,0.20143696427643615,698.3353738165198,0.031219016849590973
78,1.229520179606328,13.105831462434082,5.257400929358325,23.316556153083067,5.758680102333838,3.794549156790059,11.128382672297613,1.096120712159975,2.669921161175795,19.564448911397694,15717.926121234272,52.94663081501592,1.538557928261891,5907.200229729025,0.48008111019269006,0.21220403119028575,696.9840756017334,0.0313000728524151
79,1.2576704151048175,13.468896293211163,5.162848812994586,22.834513397195614,6.2507288629737605,3.9204498125780924,11.090753303812368,1.130362349021241,2.734555046508399,19.962759961127308,14015.743995557406,51.86880466472303,1.5365819797306677,5850.856865195057,0.47014455561373736,0.22230994133961346,696.8515201999166,0.031173939479393686
80,1.2650307947991006,12.943343924137256,5.295972235800176,23.54663212435233,5.443787271483038,3.659448626454199,11.121023513609495,1.1040668687066184,2.4906149183693422,18.02053524293675,17412.189168051616,53.9285321145762,1.9429074200801641,5792.265128556066,0.49771830077309515,0.2127409223269269,697.0992276859909,0.030833934888009628
81,1.2491240364400842,13.013419761737913,5.3013314646110725,23.54835318850736,5.85353889278206,3.766643307638402,10.97902538828206,1.08479327259986,2.4838822704975474,18.57636299929923,14654.80833917309,55.27519271198318,1.9491941135248774,5855.460056061668,0.48304696703649297,0.2316293966837613,697.5763840224247,0.031042541860862045
82,1.2849604221635884,13.271710642040457,5.224274406332454,23.171503957783642,6.129287598944591,3.867194371152155,11.086231847953155,1.0954265611257696,2.4819700967458225,19.89207124010554,14377.45382585752,55.7434036939314,2.1943711521547935,5729.872911169745,0.4457946716537699,0.22377225722903063,698.7524186455585,0.03078773244978093
83,1.2332657200811359,13.558843813387425,5.170385395537525,22.871196754563893,5.8575050709939145,3.72920892494929,10.971921405357607,1.1886409736308317,2.4259634888438133,19.539665314401624,13934.942190669371,54.263286004056795,1.8407707910750508,5798.635902636916,0.48452547254816586,0.2295465239712742,691.8478701825558,0.031501576800018714
84,1.2882179864398107,13.28980938979148,5.213892797748497,23.110528335678648,5.89964180631956,3.7385186132787513,11.061786259853967,1.0996545989510043,2.4614302161954713,18.782435717026992,16555.755916592043,56.582823333759755,2.42983241652808,5842.072150441346,0.47959103211459847,0.22025630244946048,696.49539465268,0.030753735704927076
85,1.2453611806334686,13.054542159316476,5.273280400448779,23.407007853629068,5.735349961163373,3.6872788469836886,11.0837093592272,1.0998101320445326,2.590273582463105,18.038591093466817,16002.430655044447,52.69151074480021,2.0832829895572624,5832.209502028135,0.48755446140162845,0.21072303837756745,695.191766635022,0.03109889252326451
86,1.208398133748056,12.801881804043544,5.350440642820114,23.81596682218766,5.97459823742872,3.72680145152929,10.952571315009104,1.0715396578538103,2.533955417314671,18.778190772420942,13320.440642820115,52.33701399688958,1.629860031104199,5884.136340072577,0.493829167414071,0.2220923952196791,696.1057542768274,0.03138337401445404
87,1.2461349693251533,13.151968098159509,5.2498159509202456,23.28073619631902,6.222699386503067,3.8147239263803683,11.055205918775417,1.083680981595092,2.5239263803680982,19.725393865030675,15807.51582822086,54.49483190184049,1.9906748466257669,6053.639509202454,0.46174301767406284,0.21997005602728764,697.8282208588957,0.031140145454543855
88,1.2622274602239245,13.54592221567472,5.132586918090748,22.69180907483795,6.181202121390689,3.8833235120801413,11.06797173983804,1.1054802592810842,2.5274012964054213,19.92214496169711,14283.876841484973,54.250029463759574,1.6175604007071303,5803.007071302298,0.46732330527158755,0.2244196186166936,695.3061284619918,0.03115458361323342
89,1.2215319542660763,13.354279294164298,5.193377833586676,22.994250214790828,5.974423369241953,3.623025576630758,11.051467862476892,1.0949045006939395,2.646817791289406,18.268378164034104,14275.44775626198,52.094741920560445,1.7002841847862005,5621.929680787786,0.5045578975279792,0.2134797896676579,694.1624479545304,0.03150439674007495
90,1.1980617038385035,13.09887172542215,5.2714461043632825,23.39730839222989,5.890917939819713,3.349866689237801,11.112352320851846,1.1072834229125228,2.7089170087604213,16.898673663718313,16256.222438528926,53.609510770663164,0.9536163189301282,5583.56257141648,0.5313946228077336,0.20559089868824826,696.5489229336832,0.03162962217964064
91,1.2215887169374544,13.233123419213786,5.225961332361641,23.17559051742616,6.153791743473229,3.460882239464998,11.132778655142525,1.1223903630985552,2.7090495991769195,17.2180198911133,16787.41269773224,53.05695074377331,1.241522699018305,5746.291550563725,0.5250320554085047,0.20681600342891474,695.9566382303768,0.03143768243592358
92,1.2351056526050805,13.160283520227832,5.247590713758995,23.280596028174028,6.066620896585043,3.5010298268365245,11.163626177384115,1.1079411091616447,2.6740661631957687,17.201806901111194,16865.141226129632,53.16070689348285,1.46332036514354,5762.3065832634065,0.5093341483844576,0.20207277208228472,695.8255524194574,0.031259032697461435
93,1.2418309128630705,13.211447743775933,5.234764004149378,23.211747925311204,6.582857883817427,3.5951763485477177,11.09716729243446,1.1070409751037344,2.6458117219917012,17.623766208506222,15240.90929719917,53.052456561203314,1.6511929460580912,5830.065093360996,0.5055267948885086,0.20937167312364532,695.2770357883818,0.031209930349627997
94,1.1940836399129064,12.665230873188678,5.388843006231699,23.998460845408815,5.305334484570913,3.382573766799309,11.279402131393898,1.115286432915384,2.73147383437195,15.223444327652226,19703.67970568361,54.58230497785119,1.0805991440798859,5722.237067347399,0.5238663751955673,0.19319892464832697,699.1599782265936,0.031456770752523365
95,1.2306789069171649,13.116737119271278,5.263129803586678,23.35898804440649,6.121050384286934,3.5436948477085113,11.15321739886871,1.1078138343296329,2.665456874466268,16.48664531739254,16370.895815542272,53.31804227156277,1.5084685454027897,5750.2430614859095,0.5116008618230671,0.20500392755163463,695.6879269854825,0.031284989068891204
96,1.2441656942823804,13.645721995332554,5.121207701283547,22.626604434072345,6.50897024504084,3.502771295215869,11.047370759549063,1.117852975495916,2.786318553092182,18.828712077012835,16449.663360560095,57.840175029171526,1.1789673278879813,5825.921236872812,0.48666261882406775,0.22956384657646275,694.484028588098,0.03141356528351481
97,1.237042862760519,12.973635863153754,5.305387337790012,23.56987809673614,5.854384585135667,3.591506095163193,11.000605475042528,1.052536374360991,2.463940228077074,17.54379394416044,15445.439323633504,55.202524577270935,1.6771529689343296,5753.038930397169,0.4915591220301871,0.2184980305625132,696.3060165159261,0.031144857438637038
98,1.2456947162426615,13.248844422700587,5.22348336594912,23.152250489236792,5.900660469667319,3.588845401174168,11.13304256467834,1.0767123287671232,2.5800391389432487,17.728738747553816,17769.100244618396,57.213765166340515,1.8203522504892369,5786.175733855186,0.49550417058322804,0.2127789608910943,695.5715019569471,0.03119637749931416
99,1.2460850111856823,13.394716629381058,5.187733035048471,22.989000745712154,6.211502609992543,3.7231543624161074,11.07353390178475,1.1002982848620433,2.563385533184191,18.909623415361672,16932.39932885906,59.38312826249067,1.7561521252796422,5722.583706189411,0.4847419994436439,0.2289112142882548,695.9076249067859,0.0312676991163741
